case_id,longueur_caracteres,description_complete
1997-05-01457,1899,"[Forme] Autre forme non catégorisée | [Forme 2]  Phénomène | [Couleur] Inconnu | [Couleur 2] nan | [Luminosité] nan | [Taille] ""2.2 < x < 6° ou """"Grande"""""" | [Détails visuels] Le 24 mars 1997 vers 6 heures 30 un automobiliste sur la voie express N60 à environ 4km de l'échangeur de Fay-aux-Loges (45) observe dans le ciel nuageux un phénomène lumineux en déplacement Certains paramètres de cette observation font penser à une confusion avec un skytracker de discothèque (voir le compte-rendu d'enquête) : - observation de lumières sans objet « solide » ; - disposition géométrique : certains modèles de skytrackers peuvent faire un effet de lumières disposées géométriquement ; - c'est un lundi matin, une discothèque ouverte le dimanche soir pouvait laisser son animation lumineuse extérieure jusque tôt le lendemain matin ; - présence d'un plafond nuageux de type stratocumulus, pouvant servir de support à l'impact des faisceaux lumineux émis par les projecteurs au sol ; - observation non loin d'une ville importante (Orléans, située à environ 20 km à l'ouest à vol d'oiseau du témoin) à la périphérie de laquelle se trouvaient encore en fin des années 90 de nombreuses discothèques ouvertes pouvant exploiter de tels skytrackers à l'extérieur, à des fins publicitaires ; - portée des skytrackers très importante, pouvant aller jusqu'à plus de 20 km de diamètre autour des projecteurs ; - déplacements constitués de « va-et-vient » commandés par la motorisation des projecteurs au sol ; - de nombreux cas d'observation similaires dans les annales GEIPAN, en particulier à cette époque (voir www La consistance du cas est médiocre du fait de l'imprécision ou du manque d'informations : - imprécision sur le lieu d'observation, la durée d'observation, la forme du PAN (5 ou 6 rangées décrites et 4 de dessinées) ; - absence totale de données sur la couleur, la taille angulaire, l'élévation du PAN"
1997-10-01484,1803,"[Forme] Forme Floue - Halo, Lumière ; 1D - Multiples traits ou points ; Autre forme non catégorisée | [Forme 2]  Termes descriptifs (lumières, forme, etc.) | [Couleur] Jaune, Ambre;Orangé, feu | [Couleur 2] nan | [Luminosité] nan | [Taille] Chiffrée | [Détails visuels] Le 10 octobre 1997 vers 21 heures 15, un témoin (T1) observe à l'extérieur de son habitation une lueur sphérique statique dans le ciel à l'Est L'épouse (T2) du témoin s'approche et observe à son tour les évolutions particulières du PAN lumineux accompagné d'un bruit sourd Les points étayant cette conclusion sont les suivants : - observation initiale d'une forte lumière sphérique jaunâtre correspondant aux feux d'atterrissage, visuellement confondus car observés à très grande distance ; - périodes alternatives d'arrêts apparents et de déplacements correspondant aux divers mouvements de l'avion : montées par paliers et corrections de caps ; - variation de la grosseur apparente de la lumière, causée par un alignement plus ou moins parfait de l'axe de déplacement de l'avion avec l'axe de vision du témoin;br> - disparition apparente lorsque ces deux axes forment un certain angle, l'avion effectuant un virage ; - les feux anti-collision ne sont pas allumés, ce qui est possible sur les C-130 et explique qu'à aucun moment les témoins n'ont évoqué de clignotements des lumières observées ; - les feux de navigation classiques de bout d'ailes, de couleur rouge et verte, ne sont pas visibles car masqués par d'autres feux situés à proximité et de même couleur que les feux d'atterrissage ; - le bruit, bien que décrit de manière différente par les deux témoins, est particulier dans le cas du C-130 et ne ressemble pas à ce qu'ils ont l'habitude d'entendre, avec des avions de chasse et de ligne survolant régulièrement la zone"
1997-10-01484,1761,"[Forme] 1D - Ponctuel (point) ; 1D - Multiples traits ou points | [Forme 2]  Termes descriptifs (lumières, forme, etc.) | [Couleur] Jaune, Ambre;Rouge | [Couleur 2] nan | [Luminosité] nan | [Taille] Chiffrée | [Détails visuels] Le 10 octobre 1997 vers 21 heures 15, un témoin (T1) observe à l'extérieur de son habitation une lueur sphérique statique dans le ciel à l'Est L'épouse (T2) du témoin s'approche et observe à son tour les évolutions particulières du PAN lumineux accompagné d'un bruit sourd Les points étayant cette conclusion sont les suivants : - observation initiale d'une forte lumière sphérique jaunâtre correspondant aux feux d'atterrissage, visuellement confondus car observés à très grande distance ; - périodes alternatives d'arrêts apparents et de déplacements correspondant aux divers mouvements de l'avion : montées par paliers et corrections de caps ; - variation de la grosseur apparente de la lumière, causée par un alignement plus ou moins parfait de l'axe de déplacement de l'avion avec l'axe de vision du témoin;br> - disparition apparente lorsque ces deux axes forment un certain angle, l'avion effectuant un virage ; - les feux anti-collision ne sont pas allumés, ce qui est possible sur les C-130 et explique qu'à aucun moment les témoins n'ont évoqué de clignotements des lumières observées ; - les feux de navigation classiques de bout d'ailes, de couleur rouge et verte, ne sont pas visibles car masqués par d'autres feux situés à proximité et de même couleur que les feux d'atterrissage ; - le bruit, bien que décrit de manière différente par les deux témoins, est particulier dans le cas du C-130 et ne ressemble pas à ce qu'ils ont l'habitude d'entendre, avec des avions de chasse et de ligne survolant régulièrement la zone"
2020-10-51083,1681,"[Forme] 2D - Rond | [Forme 2]  Termes descriptifs (lumières, forme, etc.) | [Couleur] Blanc ; Orangé, feu | [Couleur 2] nan | [Luminosité] nan | [Taille] Autres (comparaison, repères, etc.) | [Détails visuels] Le groupe bien lumineux a commencé à se diriger vers le Nord, Nord Est / Est en diminuant d'intensité et en disparaissant dans le peu de nuages qu'il y avait au loin L'observation est en effet compatible avec un déplacement de lanternes thaïlandaises : - en aspect : petites lumières de couleur orange, blanche, phosphorescentes, - en forme de mouvements : « virevoltent et tournoient », - en durée et mode de disparition : la durée d'observation (2 minutes) est compatible avec une durée de vol de lanternes et la disparition de ces dernières peut être causée par l'extinction des bruleurs pouvant être progressive Concernant les oiseaux, l'observation est en effet compatible : - en aspect : petites lumières de couleur orange, blanche, phosphorescentes, - en trajectoire : « virevoltent et tournoient », et se déplacent ensemble vers le Nord Est/Est, - deuxième observation du témoin faite à la même heure la semaine suivante, précisant que cette deuxième observation, très semblable était celle d'oiseaux (voir courrier du témoin), - zone urbaine très peuplée, avec de nombreux éclairages publics qui peuvent expliquer l'aspect vu par le témoin, - la disparition peut être due à des changements dans les éclairages publics, liés aux zones traversées, - la Ligue de Protection des Oiseaux d'Ile-de-France qui a été contactée émet l'hypothèse qu'il s'agit d'un groupe d'étourneaux (voire de perruches à collier) qui aurait été chassé par des opérations d'effarouchement"
2021-12-51284,1658,"[Forme] Autre forme non catégorisée | [Forme 2]  Termes descriptifs (lumières, forme, etc.) | [Couleur] Jaune, Ambre | [Couleur 2] nan | [Luminosité] nan | [Taille] Chiffrée | [Détails visuels] Cette conclusion s'appuie sur les éléments suivants : - Couleur jaune : les lanternes sont le plus souvent de couleur orange, mais peuvent être décrites, selon la perception des couleurs par le témoin, comme étant de couleur jaune Toutes les lanternes d'un groupe n'étant pas nécessairement lâchées exactement en même temps, elles se succèderont dans leur ascension et pourront visuellement prendre, pour un observateur assez éloigné, un aspect de « bâton » ou de « bande » inclinée, - Le déplacement de ces lanternes n'a pas pu être observé par le témoin, en raison de la combinaison des facteurs suivants : leur éloignement, le déplacement propre des lanternes très lent et la très courte durée d'observation, - Le temps est calme avec un vent faible et nous sommes un samedi soir, les conditions sont donc idéales pour un lâcher de lanternes, dans le cadre d'un événement festif local ou familial ; bien que nous soyons en décembre (la saison n'est pas particulièrement propice), un tel lâcher reste possible, - La durée d'observation très courte : 10 à 15 secondes d'observation par le témoin tout en roulant à 110km/h sur l'autoroute, - La fin de l'observation se produit lorsque les lanternes arrivent en fin de vie : elles s'éteignent tout simplement et cessent d'être visibles L'étrangeté pour le témoin était essentiellement créée par l'apparence de l'ensemble, qu'il considérait comme étant un phénomène global, et non un ensemble de phénomènes distincts"
2018-08-50611,1582,"[Forme] Sans forme précise | [Forme 2]  Termes descriptifs (lumières, forme, etc.) | [Couleur] Bleu ; Jaune, Ambre ; Orangé, feu | [Couleur 2] nan | [Luminosité] nan | [Taille] Autres (comparaison, repères, etc.) | [Détails visuels] Cette conclusion s'appuie sur les éléments suivants : - la forme des PAN, allongée, constituée de plusieurs éléments groupés, est typique de telles tâches lumineuses d'impact ; - la couleur bleue l'est tout autant, l'observation par le témoin d'une autre couleur jaune-orangée s'expliquant par l'utilisation probable de filtre colorés en sortie de projecteurs, interchangeables à volonté par l'utilisateur ; - l'absence de bruit est également conforme à l'hypothèse, ainsi que les mouvements en « balayages » typique des mouvements des """"Skyroses"""" L'étrangeté principale pour le témoin, à savoir le fait que selon lui, les PAN semblent se trouver derrière les nuages, s'explique par le fait qu'il est probable que le témoin n'a jamais eu auparavant l'occasion d'observer de telles tâches d'impact de projecteurs sur la base de nuages ; il s'est ainsi probablement construit une représentation erronée de l'apparence que pourrait prendre ces tâches (en les imaginant sans doute plus nettes et lumineuses si elles avaient été situées « sous » les nuages, puisque non impactées par leur présence), alors qu'en réalité, les tâches ne sont pas « sous » les nuages, mais « sur » leur base, visibles uniquement par l'impact des faisceaux lumineux sur les gouttelettes d'eau les constituant, et de manière plus ou moins importante selon la densité du nuage"
2011-11-02855,1507,"[Forme] 2D - Rond | [Forme 2] Autre | [Couleur] Blanc | [Couleur 2] nan | [Luminosité] Inconnu | [Taille] Autres (comparaison, repères, etc.) | [Détails visuels] Le 27 novembre 2011 à 18h50, une automobiliste et ses enfants sont intrigués par la présence d'un phénomène lumineux stationnaire au-dessus de l'église du village de Saint-Gatien-des-Bois (Calvados en région Basse-Normandie) Il y a lieu désormais de retenir cette hypothèse, appuyée sur les éléments suivants : - forme des PAN, circulaire, - nombre, variable car les témoins ne se souviennent plus, mais reste compatible avec l'hypothèse, - couleur blanche, compatible avec la couleur pouvant être utilisée par les skytracers, - présence avérée de bancs de stratocumulus à l'emplacement de l'observation, - luminosité forte générée par le type de rayon utilisé par les skytracers : concentré sur un petit diamètre de 8°, et visibilité accentuée par l'accoutumance à la vision nocturne des témoins, - visibilité horizontale exceptionnelle qui traduit un air très pur dénué de toute particule fine en suspension et empêchant ainsi que les faisceaux générés par les skytracers soient visibles, - absence de bruit, - présence au nord du golf de Saint-Gatien, situé non loin, et connu pour organiser des événements festifs en extérieur pouvant éventuellement utiliser des skytracers - compatibilité d'aspect du PAN avec ce que produirait le modèle supposé de skytracer, situé dans le golf et tirant sur une couche nuageuse à environ 1000 m d'altitude"
2023-07-51454,1502,"[Forme] 3D - 2 axes de symétrie - Sphérique, Boule | [Forme 2]  Objet | [Couleur] Inconnu | [Couleur 2] nan | [Luminosité] nan | [Taille] Autres (comparaison, repères, etc.) | [Détails visuels] Cette conclusion s'appuie sur les éléments suivants : - Forme sphérique, fréquemment rapportée lors de telles observations et courante pour de tels ballons, - PAN regroupés par grappes de 3 individus, elles-mêmes alignées ou évoluant à côté d'un groupe principal, - Luminosité mentionnée par T1 obtenue par la réflexion des rayons du Soleil à la surface fortement réfléchissante des ballons car observation faite en journée par temps ensoleillé, - Trajectoire initiale du groupe de PAN rectiligne et stable, les ballons étant portés par le vent d' altitude Le témoin a exprimé ce qui formait pour lui l'étrangeté de cette observation ; chaque point constituant cette étrangeté a pu être expliqué au regard de l'hypothèse étudiée : - Les disparition et réapparition de certains des PAN est tout à fait typique de ballons qui pivotent sur eux-mêmes pendant leur déplacement, offrant ainsi une surface moins réfléchissante au Soleil de manière temporaire, - La mention par le témoin de certains PAN isolés du groupe principal se déplaçant soudainement en sens inverse du déplacement global de l'ensemble est tout à fait cohérente avec l'existence de micro-rafales en altitude (cisaillement de vent) pouvant se produire à des altitudes légèrement différentes de celle à laquelle la formation principale se trouve"
2018-08-50601,1477,"[Forme] 1D - Multiples traits ou points ; 2D - Triangulaire | [Forme 2]  Termes descriptifs (lumières, forme, etc.) | [Couleur] Blanc | [Couleur 2] nan | [Luminosité] nan | [Taille] Autres (comparaison, repères, etc.) | [Détails visuels] Un témoin situé à Lalinde (24) rapporte au GEIPAN avoir suivi le déplacement en ligne droite de trois points lumineux groupés dans le ciel nocturne le 11 août 2018 vers 23h10 (heure locale) Cette conclusion s'appuie sur les éléments suivants : - apparence tout à fait conforme à celle de satellites (luminosité, couleur, aspect ponctuel, déplacement rectiligne), ce que ce témoin a par ailleurs, noté lui-même ; - présence avérée dans le ciel à l'instant de l'observation de ces satellites, - autres observations en tous points identiques, à la même date et à la même heure, dont une a été très bien décrite car observée par un spécialiste des satellites ; - les élévations initiales et finales données par le témoin correspondent tout à fait à celles données par le spécialiste des satellites relativement à sa propre observation et à la reconstitution de la trajectoire du triplet de satellites sur Stellarium, qui correspondent à la position de ce triplet à sa culmination Si les étoiles n'ont pas été observées par le témoin entre les points lumineux, c'est probablement parce qu'au moment de l'observation, ils traversaient une zone de ciel dépourvue d'étoiles de magnitude suffisamment importante pour qu'elles puissent être visibles"
2025-04-51635,1474,"[Forme] 1D - Ponctuel (point) | [Forme 2]  Objet | [Couleur] Blanc | [Couleur 2] nan | [Luminosité] nan | [Taille] Autres (comparaison, repères, etc.) | [Détails visuels] ""Les deux témoins se trouvent en voiture le dimanche 13 avril 2025 vers 21h10 sur le périphérique de Toulouse (31) lorsqu'ils observent pendant 4 secondes dans le ciel un objet lumineux blanc assez gros se déplaçant selon une trajectoire descendante parabolique La seule hypothèse explorée, celle de l'observation d'un bolide, est corroborée par les éléments suivants : - Forme oblongue, comme celle de la cabine d'un hélicoptère - Couleur blanche - Forte luminosité - Déplacement rapide selon une trajectoire parabolique descendante - Passage avéré à l'heure d'observation d'un bolide au-dessus de la France, observé par 56 témoins depuis Toulouse, au sud, jusqu'au nord-ouest de Chartres, ainsi que depuis tout le grand ouest (voir sur le site IMO (International Météo Organization) le rapport d'évènements en 20252094-2025 - L'apparence de ce bolide,décrite par les nombreux témoins, est cohérente avec celle décrite par T1 - La trajectoire est globalement cohérente (d'ouest en est) - Durée d'observation très courte (4 secondes) cohérente avec celle de l'observation du bolide (en très grande majorité 3,5 secondes) - Le lieu d'apparition du PAN (Azimut 315°, élévation 30°) est cohérent avec l'observation du bolide par un témoin dans la région Toulousaine (Fonsorbes) : Azimut 330°, élévation 30°"
2018-08-50601,1450,"[Forme] 1D - Multiples traits ou points ; 2D - Triangulaire | [Forme 2]  Termes descriptifs (lumières, forme, etc.) | [Couleur] Blanc | [Couleur 2] nan | [Luminosité] nan | [Taille] Chiffrée | [Détails visuels] Un témoin situé à Lalinde (24) rapporte au GEIPAN avoir suivi le déplacement en ligne droite de trois points lumineux groupés dans le ciel nocturne le 11 août 2018 vers 23h10 (heure locale) Cette conclusion s'appuie sur les éléments suivants : - apparence tout à fait conforme à celle de satellites (luminosité, couleur, aspect ponctuel, déplacement rectiligne), ce que ce témoin a par ailleurs, noté lui-même ; - présence avérée dans le ciel à l'instant de l'observation de ces satellites, - autres observations en tous points identiques, à la même date et à la même heure, dont une a été très bien décrite car observée par un spécialiste des satellites ; - les élévations initiales et finales données par le témoin correspondent tout à fait à celles données par le spécialiste des satellites relativement à sa propre observation et à la reconstitution de la trajectoire du triplet de satellites sur Stellarium, qui correspondent à la position de ce triplet à sa culmination Si les étoiles n'ont pas été observées par le témoin entre les points lumineux, c'est probablement parce qu'au moment de l'observation, ils traversaient une zone de ciel dépourvue d'étoiles de magnitude suffisamment importante pour qu'elles puissent être visibles"
2018-08-50601,1430,"[Forme] 1D - Multiples traits ou points | [Forme 2]  Termes descriptifs (lumières, forme, etc.) | [Couleur] Blanc | [Couleur 2] nan | [Luminosité] nan | [Taille] Chiffrée | [Détails visuels] Un témoin situé à Lalinde (24) rapporte au GEIPAN avoir suivi le déplacement en ligne droite de trois points lumineux groupés dans le ciel nocturne le 11 août 2018 vers 23h10 (heure locale) Cette conclusion s'appuie sur les éléments suivants : - apparence tout à fait conforme à celle de satellites (luminosité, couleur, aspect ponctuel, déplacement rectiligne), ce que ce témoin a par ailleurs, noté lui-même ; - présence avérée dans le ciel à l'instant de l'observation de ces satellites, - autres observations en tous points identiques, à la même date et à la même heure, dont une a été très bien décrite car observée par un spécialiste des satellites ; - les élévations initiales et finales données par le témoin correspondent tout à fait à celles données par le spécialiste des satellites relativement à sa propre observation et à la reconstitution de la trajectoire du triplet de satellites sur Stellarium, qui correspondent à la position de ce triplet à sa culmination Si les étoiles n'ont pas été observées par le témoin entre les points lumineux, c'est probablement parce qu'au moment de l'observation, ils traversaient une zone de ciel dépourvue d'étoiles de magnitude suffisamment importante pour qu'elles puissent être visibles"
2018-03-50514,1382,"[Forme] nan | [Forme 2] Termes OVNI (soucoupe, disque, cigare, vaisseau) | [Couleur] Blanc | [Couleur 2] nan | [Luminosité] nan | [Taille] Autres (comparaison, repères, etc.) | [Détails visuels] En voulant prendre des photos souvenirs de ce clair de Lune, le témoin est surpris et intrigué par un phénomène extrêmement brillant et blanc Le témoin parle d'un """"ciel dégagé avec quelques résidus de nuages de temps en temps"""", ce qui explique parfaitement que son regard ait été attiré par Jupiter, astre fortement brillant ce soir-là, ainsi que la disparition soudaine du PAN par un nuage venant cacher Jupiter Ce témoignage illustre ce qui arrive pour beaucoup de témoins, toutes sociologies confondues : - le niveau d'étrangeté que peut engendrer une étoile et en particulier ici la composante d'étrangeté créée par l'appareil photo : ce témoin en perd sa notion de durée (1h40 en réel occupé par le PAN contre 15mn perçues), perçoit """"un immense objet volant extrêmement brillant et de forme très surprenante paraissant avoir une taille plus imposante qu'un gros avion"""" ; - le contentement que peut procurer chez un témoin la sensation ainsi que la chance d'avoir vu et photographier un OVNI ; - la nécessité face à un étrange sincèrement constaté de trouver une explication au fait d'être seul à constater l'étrangeté alors que d'autres personnes étaient en position de le faire"
2015-10-09336,1333,"[Forme] nan | [Forme 2] nan | [Couleur] Non précisé | [Couleur 2] nan | [Luminosité] nan | [Taille] nan | [Détails visuels] Le témoin signale un point très lumineux à l'Est (une conversation téléphonique avec le témoin précisera qu'il observe le phénomène """"sous la Lune, à gauche"""") Les nombreuses photos montrent un flou de bougé, plus ou moins important malgré l'usage du pied photo : le témoin a déclenché en appuyant sur le déclencheur (sans télécommande ni retardateur) ce qui suffit à provoquer un important flou de bougé, du fait de l'usage d'une longue focale (300 mm) On remarque sur les photos non recadrées quelques autres point lumineux, caractérisés sans aucun doute comme les étoiles 31 Leo, Pi Leo, et HIP 48876 et 48734, ce qui confirme que c'est bien Vénus qui est photographiée Sur les photos recadrées (7298 à 7301) et rehaussées, malheureusement non fournies entières, on constate une forme étrange de soucoupe ; si on regarde les vignettes de ces photos, avec un outils adapté (ex : logiciel photo Xnview) qui montre le cadrage original, on constate que ces photos correspondent à un décentrement de Vénus dans l'image ; la forme étrange est peut-être un artefact photographique, appelé """"flare"""" ou reflet parasite, ou alors un nuage lenticulaire bien réel (Diagnostic en cours auprès d'experts photo et météo)"
2023-08-51483,1326,"[Forme] 1D - Ponctuel (point) ; 1D - Multiples traits ou points | [Forme 2]  Termes descriptifs (lumières, forme, etc.) | [Couleur] Blanc | [Couleur 2] nan | [Luminosité] nan | [Taille] Autres (comparaison, repères, etc.) | [Détails visuels] Le témoin, ayant mis en place un système automatisé d'enregistrement d'images de la voûte céleste depuis la terrasse de son domicile à Lias (32) dans la nuit du 19 au 20 août 2023, il constate après dépouillement des enregistrements la présence de deux PANs ayant la même apparence et le même type de trajectoire sinueuse et erratique - L'hypothèse de deux ballons lumineux équipés de lumières LED cadre en revanche bien avec la plupart des données issues de l'analyse, avec en particulier un déplacement lent sinusoïdal cohérent avec la faible vitesse des vents en altitude avec la présence avérée d'un phénomène de cisaillement Plus en détail : •couleur blanchâtre, tout à fait commune pour ce type de ballon, •déplacement général dans le sens global du vent, orienté sud-est, •déplacement erratique causé par la présence d'un phénomène de cisaillement de vent entre les altitudes de 750 et 875 m, •vitesses calculées compatibles à celles du vent estimés à ces altitude par les données Météo France, •observation un week-end, propice à l'utilisation de tels ballons festifs lumineux"
1984-03-50657,1311,"[Forme] Autre forme non catégorisée | [Forme 2]  Termes descriptifs (lumières, forme, etc.) | [Couleur] Inconnu | [Couleur 2] nan | [Luminosité] nan | [Taille] Chiffrée | [Détails visuels] Le 07 mars 1984 la Gendarmerie est avisée que plusieurs personnes d'un quartier de LA FOA ont fait des observations à plusieurs reprises de phénomènes lumineux dans le ciel L'enquête de Gendarmerie rapporte sur un même procès-verbal que : - le 05 mars 1984 entre 04h30 et 6h30 deux témoins en voiture (T1 et T2) font une très longue observation d'un phénomène particulièrement lumineux dans le ciel ; - le 02 mars 1984 vers 20h deux témoins chez eux (T3 et T4) ont observé une boule de feu émettant une lumière blanche ; - et à une date dont il ne se souvient pas du jour mais toujours au mois de mars 1984, un autre témoin (T5) a fait une observation à trois reprises depuis son domicile d'une """"large bande de lumière"""" On aurait dit comme le passage d'un objet très lumineux qui se déplaçait de la droite vers la gauche au-dessus des arbres faisant face à mon habitation ») ; - le témoin possède une première explication d'ordre météorologique, ce qui ne supprime pas l'étrangeté perçue mais en réduit l'ampleur (« Un temps j'ai pensé que cela annoncé l'arrivée de mauvais temps, tout en restant choqué par ce phénomène"
2018-08-50609,1307,"[Forme] 3D - 2 axes de symétrie - Sphérique, Boule | [Forme 2]  Termes descriptifs (lumières, forme, etc.) | [Couleur] Blanc ; Bleu ; Gris | [Couleur 2] nan | [Luminosité] nan | [Taille] ""0.3 < x < 0.8° (~lune, ~balle) ou """"Moyenne"""""" | [Détails visuels] ""Le 12 août 2018, lors d'une soirée d'observation astronomique, deux témoins sont intrigués par l'observation, d'abord à l'œil nu, d'un déplacement silencieux de deux groupes de phénomènes lumineux ressemblant à des """"étoiles"""" Les éléments confortant cette hypothèse sont les suivants : - forme de boule, les lanternes étant observées à une certaine distance, - luminosité faible à moyenne, ressemblant à celle d'une étoile scintillante, les bougies alimentant les lanternes vacillant sous l'effet du vent relatif provoqué par leur déplacement, - couleur blanche ou bleuâtre, compatible avec les couleurs possibles de lanternes, même si ce ne sont pas les plus communes, - déplacement silencieux, - durée d'observation allant jusqu'à 15 minutes, - période (en été), jour de la semaine (nuit du samedi au dimanche) et heure (de nuit) particulièrement propices aux lâchers de lanternes, - déplacement linéaire constant et légèrement ascendant, tout à fait compatible à celui de lanternes se déplaçant en l'absence de vent ou en présence d'un vent faible"
2007-11-50223,1288,"[Forme] 3D - A faces - Triangle, aile delta ; 3D - 1 axe de symétrie - Dôme, parachute ; 2D - Polygone (régulier ou non) | [Forme 2]  Objet | [Couleur] Non précisé | [Couleur 2] nan | [Luminosité] nan | [Taille] Autres (comparaison, repères, etc.) | [Détails visuels] Les photos ont été analysées par la brigade qui a apporté les précisions suivantes : - l'apparence de l'objet change suivant les photographies : dôme, parallélogramme ; - il est de couleur sombre, voire noire avec des reflets « métalliques » sur sa partie supérieure qui ne sont pas visibles sur tous les clichés ; - présence d'un cumulonimbus, nuage dans lequel le témoin précise que l'objet est entré ; - aucun appareil ou parapente n'a été retrouvé au sol et aucun accident n'a été rapporté ; - la Base Aérienne 123 de Brecy – Orléans atteste qu'aucun mouvement aérien n'a eu lieu à son niveau dans ce créneau et à cet endroit ; - les services départementaux de la météo d'Orléans précisent qu'aucun moyen aérien météorologique ne semble avoir été déployé les jours précédents Les diverses formes décrites par le témoin et la brigade à savoir deltaplane, dôme, parallélogramme sont typiquement celles de ce type d'objet comme les Helikites ou vu sur cette vidéo : Helikites vs Other Aerostats Video à partir de 2'10"""""
1984-03-50657,1278,"[Forme] nan | [Forme 2] nan | [Couleur] Non précisé | [Couleur 2] nan | [Luminosité] nan | [Taille] Autres (comparaison, repères, etc.) | [Détails visuels] Le 07 mars 1984 la Gendarmerie est avisée que plusieurs personnes d'un quartier de LA FOA ont fait des observations à plusieurs reprises de phénomènes lumineux dans le ciel L'enquête de Gendarmerie rapporte sur un même procès-verbal que : - le 05 mars 1984 entre 04h30 et 6h30 deux témoins en voiture (T1 et T2) font une très longue observation d'un phénomène particulièrement lumineux dans le ciel ; - le 02 mars 1984 vers 20h deux témoins chez eux (T3 et T4) ont observé une boule de feu émettant une lumière blanche ; - et à une date dont il ne se souvient pas du jour mais toujours au mois de mars 1984, un autre témoin (T5) a fait une observation à trois reprises depuis son domicile d'une """"large bande de lumière"""" On aurait dit comme le passage d'un objet très lumineux qui se déplaçait de la droite vers la gauche au-dessus des arbres faisant face à mon habitation ») ; - le témoin possède une première explication d'ordre météorologique, ce qui ne supprime pas l'étrangeté perçue mais en réduit l'ampleur (« Un temps j'ai pensé que cela annoncé l'arrivée de mauvais temps, tout en restant choqué par ce phénomène"
2007-10-01850,1257,"[Forme] 1D - Multiples traits ou points ; 3D - A faces - Triangle, aile delta | [Forme 2]  Termes descriptifs (lumières, forme, etc.) | [Couleur] Blanc ; Gris sombre ; Noir | [Couleur 2] nan | [Luminosité] nan | [Taille] Chiffrée | [Détails visuels] Les conditions d'observation médiocre et la forte luminosité dégagée par les spots ont contribué par ailleurs à ce que le témoin ne puisse pas observer la structure des pylônes soutenant ces spots lumineux A cet instant, il se trouve que deux pylônes sont visuellement alignés depuis cet emplacement ; - la couleur blanche des spots est conforme à celle que donne le témoin ; - les pylônes du domaine mesurent 25 mètres de haut et soutiennent des spots organisés horizontalement par rangs de 3, 4, 6 ou 8 Les pylônes observés alignés au début de l'observation soutiennent 7 et 3 spots lumineux et leur visibilité depuis la position du témoin se trouve être de gauche à droite respectivement de 4 et 3, soit en nombre et en alignement exactement tel que le témoin a représenté les lumières du PAN sur son croquis ; - les spots en question se trouvent être visibles juste au-dessus d'une ligne d'arbre, tout comme le PAN l'est ; - le témoin s'arrête ensuite pour mieux observer, un kilomètre environ plus loin"
2019-10-50869,1254,"[Forme] Autre forme non catégorisée | [Forme 2]  Objet | [Couleur] Bleu ; Jaune, Ambre ; Rouge sombre ; Noir | [Couleur 2] nan | [Luminosité] nan | [Taille] Chiffrée | [Détails visuels] Le 25 octobre 2019 à 11h du matin un témoin depuis sa terrasse observe, en présence de sa fille et de son épouse, un objet lumineux, stationnaire au-dessus de la mer et qui lui semble avoir un comportement inhabituel Nous avons pu montrer au fil de l'analyse (voir le compte rendu d'enquête) que le PAN observé par les trois témoins était très probablement un ballon Mylar fantaisie dérivant au gré du faible vent présent au jour et à l'heure de l'observation, ayant peut-être échappé à son propriétaire depuis une des plages situéesau sud-est de la position des témoins Cette conclusion s'appuie sur les éléments suivants : - forme fantaisiste, - couleur « bleu électrique » et forte luminosité, la surface métallisée du ballon reflétant la lumière du soleil, - présence d'une « tige » servant à tenir le ballon, - déplacement dans le sens du vent dominant, nul à très faible, ce qui produit des périodes d'immobilisation et une rotation selon un axe vertical de l'ensemble, - calculs et mesures de vitesses, de distances et de dimensions compatibles avec l'hypothèse"
2018-08-50609,1248,"[Forme] 3D - 2 axes de symétrie - Sphérique, Boule | [Forme 2]  Phénomène | [Couleur] Blanc | [Couleur 2] nan | [Luminosité] nan | [Taille] Autres (comparaison, repères, etc.) | [Détails visuels] ""Le 12 août 2018, lors d'une soirée d'observation astronomique, deux témoins sont intrigués par l'observation, d'abord à l'œil nu, d'un déplacement silencieux de deux groupes de phénomènes lumineux ressemblant à des """"étoiles"""" Les éléments confortant cette hypothèse sont les suivants : - forme de boule, les lanternes étant observées à une certaine distance, - luminosité faible à moyenne, ressemblant à celle d'une étoile scintillante, les bougies alimentant les lanternes vacillant sous l'effet du vent relatif provoqué par leur déplacement, - couleur blanche ou bleuâtre, compatible avec les couleurs possibles de lanternes, même si ce ne sont pas les plus communes, - déplacement silencieux, - durée d'observation allant jusqu'à 15 minutes, - période (en été), jour de la semaine (nuit du samedi au dimanche) et heure (de nuit) particulièrement propices aux lâchers de lanternes, - déplacement linéaire constant et légèrement ascendant, tout à fait compatible à celui de lanternes se déplaçant en l'absence de vent ou en présence d'un vent faible"
2023-10-51523,1241,"[Forme] nan | [Forme 2] nan | [Couleur] Non précisé | [Couleur 2] nan | [Luminosité] nan | [Taille] Autres (comparaison, repères, etc.) | [Détails visuels] Les deux témoins se trouvent sur la terrasse de leur maison située à Quimper (29) le 16 octobre 2023 lorsqu'ils observent dans le ciel à l'ouest, vers 21h15 un phénomène consistant en trois points faiblement lumineux orange , délimitant un triangle pour T1, se déplaçant sans bruit, horizontalement, selon une trajectoire rectiligne régulière et à une élévation d'environ 20° Egalement, la forme triangulaire composée par les 3 points lumineux évoluant ensemble l'a orienté vers une hypothèse « aéronef » aux caractéristiques atypiques (forme, silhouette translucide, qui glissait dans l'air) sans entrevoir la possibilité que les 3 points soient dissociés Enfin, la dernière hypothèse, celle de l'observation de trois oiseaux au plumage ventral blanc s'avère être la plus plausible pour les raisons suivantes : - La couleur orange est compatible avec celle d'oiseaux dont le plumage ventral blanc est éclairé par les lumières urbaines de la ville de Quimper (en octobre 2023 de nombreux lampadaires produisant une couleur orange (vapeur de sodium) étaient encore actifs dans les rues)"
2023-05-51443,1219,"[Forme] 2D - Rond ; 2D - Ovale ; 2D - Rectangulaire;2D - Rond ; 2D - Ovale ; 2D - Rectangulaire | [Forme 2]  Phénomène; Phénomène | [Couleur] Noir ; Marron;Marron ; Noir | [Couleur 2] nan | [Luminosité] Chg direction, niveau de vol ; Orient&eacute;e - Balancier ; Montante | [Taille] ""6 < x < 16° ou """"Imposante/Importante"""""" | [Détails visuels] Un des PAN est de forme ronde-ovale et de teinte foncée et l'autre de forme longue, mince et de couleur noire L'autre hypothèse, celle de deux ballons évoluant au gré du vent, présente davantage de paramètres correspondant à ceux des PAN : - leur comportement observé et décrit comme un « balancement » ou « oscillation », - leur apparence, pouvant être comparée à deux types de ballons, l'un plutôt rond et l'autre allongé, de couleur sombre, existe dans le commerce, - leur déplacement se fait dans le sens du vent, - la vitesse de déplacement est plausible pour les distances considérées, - les mesures et calculs effectués avec le logiciel de traitement d'images IPACO® sont cohérents avec deux ballons d'une taille moyenne classique comprise entre 60 et 90cm situés à environ 300/500 mètres de distance en fin d'observation pour des altitudes situées entre 120 et 180m"
2023-10-51523,1214,"[Forme] nan | [Forme 2] nan | [Couleur] Non précisé | [Couleur 2] nan | [Luminosité] nan | [Taille] Chiffrée | [Détails visuels] Les deux témoins se trouvent sur la terrasse de leur maison située à Quimper (29) le 16 octobre 2023 lorsqu'ils observent dans le ciel à l'ouest, vers 21h15 un phénomène consistant en trois points faiblement lumineux orange , délimitant un triangle pour T1, se déplaçant sans bruit, horizontalement, selon une trajectoire rectiligne régulière et à une élévation d'environ 20° Egalement, la forme triangulaire composée par les 3 points lumineux évoluant ensemble l'a orienté vers une hypothèse « aéronef » aux caractéristiques atypiques (forme, silhouette translucide, qui glissait dans l'air) sans entrevoir la possibilité que les 3 points soient dissociés Enfin, la dernière hypothèse, celle de l'observation de trois oiseaux au plumage ventral blanc s'avère être la plus plausible pour les raisons suivantes : - La couleur orange est compatible avec celle d'oiseaux dont le plumage ventral blanc est éclairé par les lumières urbaines de la ville de Quimper (en octobre 2023 de nombreux lampadaires produisant une couleur orange (vapeur de sodium) étaient encore actifs dans les rues)"
2019-12-50868,1207,"[Forme] nan | [Forme 2]  Termes descriptifs (lumières, forme, etc.) | [Couleur] Noir | [Couleur 2] nan | [Luminosité] nan | [Taille] Chiffrée | [Détails visuels] Nous avons montré au fil de l'analyse (voir le compte rendu d'enquête) que parmi les deux hypothèses explorées, à savoir une confusion avec un avion en phase d'approche ou une confusion avec un triplet de satellites de type Yaogan en phase de « flare », seule cette dernière nous paraît à même d'expliquer l'apparence et le comportement des PAN et de lever les étrangetés de l'observation pour le témoin Cette conclusion s'appuie sur les éléments suivants : - forme ponctuelle individuelle de chaque lumière, - couleur blanche, - forte luminosité observable de manière rare et fugace pour ce type de satellite par un phénomène de réflexion lumineuse du soleil sur des composants fortement réfléchissants (antennes, panneaux solaires…) Le témoin n'a pas observé d'étoiles entre les points lumineux formant le triplet, car il a pu traverser des zones du ciel peu peuplées en étoiles et/ou de magnitude suffisamment faibles pour être visibles à l'œil nu, surtout pendant une durée d'observation aussi courte et un déplacement angulaire aussi faible"
2017-04-50365,1199,"[Forme] Autre forme non catégorisée | [Forme 2]  Objet | [Couleur] Aluminium brillant | [Couleur 2] nan | [Luminosité] nan | [Taille] Autres (comparaison, repères, etc.) | [Détails visuels] Le mercredi 12 avril 2017 à 12h15 (TU) un pilote sur un Cessna voit au-dessus du terrain d'aviation d'Etampes un PAN très brillant Rapidement le PAN croise l'avion du témoin : le pilote décrit une bulle non sphérique, l'avant légèrement allongé, mais sans moyen de propulsion visible En effet, cette hypothèse, bien que crédible au regard du comportement du PAN (déplacement rectiligne et altitude techniquement possible à atteindre, même si non réglementaire car bien supérieure à celle maximale autorisée pour les drones soit 150m), est plus difficile à exploiter et à valider sur les points suivants : - les radars ne permettent pas de détecter des drones ; - impossibilité d'obtenir du témoin des informations d'observation du PAN plus précises, ce dernier s'attachant à donner sa reconstitution finale ; - incohérence entre le témoignage et l'hypothèse drone formulée par le témoin : la différence entre son témoignage (boule très brillante) et ce que l'on connaît de l'apparence des drones est étonnante"
1993-06-01306,1179,"[Forme] 1D - Multiples traits ou points | [Forme 2]  Termes descriptifs (lumières, forme, etc.) | [Couleur] Jaune, Ambre ; Orangé, feu | [Couleur 2] nan | [Luminosité] nan | [Taille] ""0.04 < x < 0.1° ou """"Très petite/Minuscule"""""" | [Détails visuels] L'ensemble des points très lumineux est ensuite caché par des arbres dans le paysage urbain Cette conclusion s'appuie sur les points suivants : - déplacement lent et rectiligne dans le sens du faible vent dominant mesuré en altitude - durée de l'observation assez longue compatible avec le lent déplacement du groupe de ballons ; - couleur et luminosité compatible avec celle de ballons de couleur claire ou constitués d'un matériau fortement réfléchissant (Mylar) exposés à la forte luminosité solaire encore présente en altitude ; - impression de masse informe et comportement global de cette masse soumis au vent général (tous les ballons se déplacent en même temps et à la même vitesse dans la même direction), tandis que des éléments individuels sur son pourtour sont davantage exposés et bougent davantage ; - la description d'accélération ou forte vitesse des PAN au moment de la disparition pourrait paraître plus étrange"
2015-11-09364,1175,"[Forme] 3D - 2 axes de symétrie - Sphérique, Boule | [Forme 2]  Phénomène | [Couleur] Gris clair | [Couleur 2] nan | [Luminosité] Chg direction, niveau de vol | [Taille] nan | [Détails visuels] A part l'un d'eux de forme sphérique, ces PAN sont des avions, certains volant haut et laissant un trainage blanc et d'autres volant bien plus bas (et donc sans trainage) suite au décollage de Blagnac En effet, l'analyse du trafic aérien (Flightradar) montre une situation de deux avions évoluant en sens inverse, Nord Sud pour celui volant bas et Sud Nord pour l'autre, situation exactement conforme à une des vidéos et à la description du témoin, y compris pour l'aspect allongé et sans ailes que l'on retrouve classiquement pour des avions à altitude faible et vus selon un éclairage soleil incident et rasant (10H30 en novembre) Le PAN de forme sphérique est probablement un ballon ludique, sa taille angulaire est de l'ordre 0,5 dixième de degrés (taille estimée d'après la taille (de quelques cm) des feuilles résiduelles de l'arbre voisin dans le champ de la vidéo et distant de 30 m de la prise de vue) et son élévation est entre 15 et 20° (toujours d'après l'arbre voisin)"
2017-10-50440,1172,"[Forme] 1D - Multiples traits ou points ; 1D - Arc de cercle ou ligne courbe | [Forme 2]  Termes descriptifs (lumières, forme, etc.) | [Couleur] Blanc | [Couleur 2] nan | [Luminosité] nan | [Taille] Chiffrée | [Détails visuels] Juste derrière ces points le témoin distingue une forme arrondie opaque Cette conclusion s'appuie sur les éléments suivants : - période de l'observation compatible avec celle de la migration automnale ; - zone d'observation géographiquement située dans un couloir de migration ; - direction du déplacement des PAN compatible avec la direction habituellement prise par les oiseaux migrateurs à cette période de l'année ; - nombre de PAN compatibles avec le nombre possible d'oiseaux (au comportement grégaire en migration) d'une formation ; - forme en « V » ou en arc-de-cercle classique de ce type de formation ; - progression lente, régulière, en ligne droite selon des estimations d'altitudes et de vitesses compatibles avec celles, connues, des oies cendrées ; - couleur des individus, d'un blanc tamisé, très peu lumineux, conforme au rendu visuel que peut avoir le plumage ventral blanc des oies reflétant la luminosité ambiante résiduelle"
2018-12-50719,1165,"[Forme] nan | [Forme 2] nan | [Couleur] Non précisé | [Couleur 2] nan | [Luminosité] nan | [Taille] Chiffrée | [Détails visuels] ""Le 21 décembre 2018, entre 18h55 et 19h, une automobiliste est surprise de voir 5 ou 6 objets lumineux se déplacer silencieusement dans le ciel La grande majorité des éléments fournis par le témoin reste cohérente avec l'hypothèse d'une observation d'un groupe de lanternes célestes, notamment : - La couleur rougeâtre avec la présence autour de chaque élément d'un halo de même couleur - La forme de boule de chaque élément - Le nombre : 5 ou 6, les lanternes étant lâchées en groupe - L'absence de bruit perçu - La durée d'observation de 10 minutes, compatible avec la durée de vie des lanternes, pouvant aller jusqu'à environ 20 mn - Le déplacement, d'ouest en est, soit dans le sens du vent dominant au sol ou à proximité (voir carte des vents) Nous savons par ailleurs, via un article paru dans la presse locale, qu'un tel lâché a été effectué au moment de l'observation en hommage à l'un des porte-parole des gilets jaunes villeneuvois, décédé la veille (voir article Insolite : qui a vu les ovnis au-dessus de Villeneuve-sur-Lot"
1993-06-01306,1162,"[Forme] 1D - Multiples traits ou points | [Forme 2]  Termes descriptifs (lumières, forme, etc.) | [Couleur] Blanc ; Jaune, Ambre | [Couleur 2] nan | [Luminosité] nan | [Taille] Autres (comparaison, repères, etc.) | [Détails visuels] L'ensemble des points très lumineux est ensuite caché par des arbres dans le paysage urbain Cette conclusion s'appuie sur les points suivants : - déplacement lent et rectiligne dans le sens du faible vent dominant mesuré en altitude - durée de l'observation assez longue compatible avec le lent déplacement du groupe de ballons ; - couleur et luminosité compatible avec celle de ballons de couleur claire ou constitués d'un matériau fortement réfléchissant (Mylar) exposés à la forte luminosité solaire encore présente en altitude ; - impression de masse informe et comportement global de cette masse soumis au vent général (tous les ballons se déplacent en même temps et à la même vitesse dans la même direction), tandis que des éléments individuels sur son pourtour sont davantage exposés et bougent davantage ; - la description d'accélération ou forte vitesse des PAN au moment de la disparition pourrait paraître plus étrange"
2014-09-08992,1161,"[Forme] Forme Floue - Halo, Lumière ; 2D - Triangulaire ; 2D - Rond;Forme Floue - Halo, Lumière ; 2D - Triangulaire ; 2D - Rond | [Forme 2]  Termes descriptifs (lumières, forme, etc.);Termes OVNI (soucoupe, disque, cigare, vaisseau) | [Couleur] Blanc ; Matière - Vaporeux;Blanc ; Matière - Vaporeux | [Couleur 2] Linéaire ou Rectiligne | [Luminosité] Linéaire ou Rectiligne | [Taille] ""2.2 < x < 6° ou """"Grande"""""" | [Détails visuels] ""Le 1er septembre 2014 entre 23h30 et 23h40 un témoin dans sa chambre au 5eme étage observe quelques secondes par sa fenêtre un objet volant triangulaire composé de 6 tâches blanches non éblouissantes, se déplaçant à faible allure à moins de 50m de haut Le témoin a vu le PAN triangulaire de profil sans voir de """"masse"""" disparaître de sa vue au-dessus d'un immeuble voisin La description du ou des PAN (aspect planant, vitesse,configuration en V, taille, ainsi que d'autres éléments) milite fortement pour une observation d'un vol d'oiseaux migrateurs (oies cendrées) se dirigeant vers la zone Est du Lac Léman (présence d'une réserve ornithologique) ou d'oiseaux locaux (cygnes) dérangés par les bruits de concert ce soir là"
2015-08-09278,1159,"[Forme] 2D - Rond | [Forme 2]  Phénomène | [Couleur] Blanc | [Couleur 2] nan | [Luminosité] nan | [Taille] ""0.3 < x < 0.8° (~lune, ~balle) ou """"Moyenne"""""" | [Détails visuels] Analyse des éléments mis à notre disposition : 1) l'observation s'effectue en statique, à l'extérieur, sur le tarmac de l'aérodrome de Colmar ; 2) le phénomène est unique, lumineux, de couleur blanche, pâle, de forme ronde, contours flous, de petite taille (estimée 1°), sans bruit, ni trainée, repéré au Nord, puis disparaissant au Nord-Ouest, se déplaçant de manière rectiligne dans le ciel au 220° (reconstitué par les indications du témoin), vitesse de 4°/s, élévation en baisse de 40 à 20° (ignorant si elle est due à l'éloignement, à une réelle baisse d'altitude ou combinaison des 2 ; 3) la situation météo relevée sur le lieu même de l'aéroport de Colmar le 21 Août 2015 à 11 heures et indiquée par Meteociel fait état d'un faible vent d'Est de 6 km/h en moyenne, sans précipitation ANALYSE : Ce phénomène conduit à envisager en première analyse un reflet du soleil sur un objet en vol, soit métallique, soit sur une verrière La carte dans le fichier """"Hyp Carte reflet soleil"
2018-12-50686,1153,"[Forme] 2D - Rectangulaire | [Forme 2]  Objet; Objet | [Couleur] Jaune, Ambre | [Couleur 2] Stationnaire, Immobile | [Luminosité] Linéaire ou Rectiligne | [Taille] ""16 < x < 42° ou """"Très grande"""""" | [Détails visuels] Il indique également dans le questionnaire : « Je justifie l'étrangeté par le déplacement absolument silencieux et régulier ainsi que de l'apparence lumineuse » Plusieurs facteurs combinés (la trajectoire en 3 phases avec un arrêt au milieu, la taille importante perçue par le témoin, la vitesse de déplacement lente, l'aspect aux contours très nets) s'opposent de manière isolée ou combinée aux différentes hypothèses envisagées (voir le compte rendu d'enquête) : un drone (taille, aspect), des reflets de projecteurs lumineux d'engins agricoles ou de projecteurs lasers de type sky-tracers sur la couche nuageuse (vitesse, aspect), un objet porté par le vent type lanternes thaïlandaises (trajectoire, aspect) Dans l'hypothèse d'un propriétaire contrevenant utilisant tout de même son engin, l'aspect du PAN apparait comme inhabituel et contribue à l'étrangeté perçue par le témoin, s'ajoutant aux changements de trajectoire observés"
2023-11-51520,1153,"[Forme] 2D - Rond | [Forme 2]  Objet | [Couleur] Noir | [Couleur 2] nan | [Luminosité] nan | [Taille] Autres (comparaison, repères, etc.) | [Détails visuels] Les deux témoins sont en déplacement en voiture sur la D654 reliant Terraube (32) à Cologne (32) le 23/11/2023 lorsqu'ils observent entre 10h30 et 11h dans le ciel un objet de couleur noire et de forme globalement ronde, qui se déplace de manière erratique L'analyse de la situation aéronautique a mis en évidence, dans l'axe d'observation et à un horaire compatible, la présence d'un avion de transport militaire C-17 de couleur gris foncé (voir le compte rendu d'enquête) L'analyse détaillée de la vidéo fournie, et en particulier des premières images, a permis de mettre en évidence: - Un effet de bougé du PAN s'effectuant par deux fois, selon des directions et des amplitudes identiques à celui d'éléments intérieurs du véhicule (par exemple, des parties du tableau de bord ou des rétroviseurs), ce qui ne peut être fortuit, suggère qu'il s'agit probablement d'un reflet ou d'un artefact optique causé par la lumière et la surface vitrée du véhicule, plutôt que d'un objet réel dans le ciel"
2022-02-51307,1151,"[Forme] Autre forme non catégorisée | [Forme 2]  Termes descriptifs (lumières, forme, etc.) | [Couleur] Blanc | [Couleur 2] nan | [Luminosité] nan | [Taille] Autres (comparaison, repères, etc.) | [Détails visuels] Le 14 février 2022 au soir, trois témoins, postés derrière la fenêtre du balcon de leur appartement situé au troisième étage d'un immeuble à Eybens, observent un PAN, au-dessus des crêtes de la chaîne de montagnes de Belledonne, à l'est Le PAN se manifeste sous la forme d'un arc circulaire brillant, d'un diamètre apparent équivalent à celui de la Lune et présentant une luminosité et une couleur similaires Pour ce cas de bonne consistance* (plusieurs témoins, enquête à distance suivie d'une enquête sur place avec un entretien cognitif pour un des témoins) nous avons pu étudier plusieurs hypothèses dont l'une s'est largement dégagée: celle de l'observation d'un phénomène de reflet (halo) sur la couche nuageuse des puissants projecteurs d'une (ou de plusieurs) dameuse(s) évoluant aux alentours de l'Alpe d'Huez, possiblement à proximité du Pic Blanc, situé à environ 30 km de distance des témoins (voir le compte rendu d'enquête)"
2025-03-51657,1150,"[Forme] Autre forme non catégorisée | [Forme 2]  Termes descriptifs (lumières, forme, etc.) | [Couleur] Jaune, Ambre | [Couleur 2] nan | [Luminosité] nan | [Taille] Autres (comparaison, repères, etc.) | [Détails visuels] La consistance de ce cas est évaluée comme moyenne : l'enquête repose sur le témoignage d'une seule personne et sur une vidéo exploitable, mais aucune donnée n'a pu être collectée concernant le premier phénomène lumineux observé à l'œil nu Concernant le phénomène lumineux visible sur la vidéo, apparaissant aux alentours de la onzième seconde, l'analyse réalisée à l'aide du logiciel d'authentification et de traitement d'images IPACO conclut qu'il s'agit d'un reflet parasite généré par la forte luminosité du lampadaire présent dans le champ de l'objectif Le témoin, intrigué par une première observation visuelle réalisée depuis son véhicule, associe naturellement cette expérience à l'observation ultérieure, enregistrée quelques instants plus tard sur vidéo, malgré les différences marquées entre les deux phénomènes (« banc de brouillard » pour la première observation et « aspect ressemblant à un drone » pour la seconde)"
1997-07-01464,1148,"[Forme] 3D - 2 axes de symétrie - Sphérique, Boule ; Autre forme non catégorisée | [Forme 2]  Phénomène | [Couleur] Gris | [Couleur 2] nan | [Luminosité] nan | [Taille] ""2.2 < x < 6° ou """"Grande"""""" | [Détails visuels] Le 21 juillet 1997 entre 22h45 et 23h15, deux témoins observent durant 3 ou 4 minutes, le passage SO-NE au-dessus de leur maison, d'un engin sombre avec des feux de couleur de part et d'autre et émettant un bruit sourd Les témoins décrivent un objet circulaire, allongé dans sa longueur et dépourvu d'aile, mais il s'agit là très certainement d'une illusion perceptive classique, le cerveau tentant de reconstituer inconsciemment une forme « solide » au PAN uniquement visible par ses lumières La disposition des feux, telle que les témoins la décrivent, est également tout à fait conforme à l'observation d'un aéronef venant de face, l'observation débutant alors qu'il se trouve suffisamment bas sur l'horizon pour que la perspective « écrase » la forme triangulaire définie par ces trois feux d'atterrissage (un à l'avant et les deux autres plus en arrière) de façon à ce qu'ils apparaissent alignés horizontalement ou quasiment"
1993-10-01332,1145,"[Forme] nan | [Forme 2]  Termes descriptifs (lumières, forme, etc.) | [Couleur] Bleu;Orangé, feu | [Couleur 2] nan | [Luminosité] nan | [Taille] Autres (comparaison, repères, etc.) | [Détails visuels] Le phénomène lumineux dans la clairière disparaît En effet, le lieu d'observation (proximité du jardin potager) se situe sur le flanc Sud d'un dôme (Puy de Sarran), les lueurs sont perçues au niveau de """"la clairière la plus au nord"""" qui se trouve prés du sommet du Puy de Sarran, les surfaces boisées sont pour l'essentiel sur les flancs de ce dôme (la dénivelée descendante est de 10 par 70 m) si bien que des éclairs issus de l'horizon Nord ou Nord Ouest du dôme (pas d'arbres sur le coté Est du dôme) peuvent être perçus au travers des arbres sans traverser beaucoup d'épaisseur d'arbre (forme en dôme de la couverture boisée) pour apparaître à la surface de la clairière (cette dernière est vue d'un témoin et donc sans obstruction d'arbres) Le fait que les lumières soient vues à 4 m de hauteur du sol au niveau de la clairière réduit encore plus l'épaisseur d'arbres traversée en amont de la clairière par le trajet lumineux des éclairs"
2017-06-50388,1144,"[Forme] 2D - Rond | [Forme 2]  Termes descriptifs (lumières, forme, etc.) | [Couleur] Blanc | [Couleur 2] nan | [Luminosité] nan | [Taille] Chiffrée | [Détails visuels] Cette reconstitution nous permet d'établir que le repère indiqué n'est pas Vénus mais Jupiter qui est aussi très brillant ce soir là Cependant, des satellites peuvent produire, en plus de leur luminosité """"normale"""", des """"flares"""" c'est à dire des moments très lumineux et fugitifs (quelques secondes à une minute de durée) résultant d'un effet miroir entre le soleil et un observateur au sol, effet miroir effectivement fugitif car conditionné par l'orientation de la partie du satellite la plus plane et étendue Le satellite """"en cause"""" ici (USA 234/FIA Radar 2, d'origine militaire US et non détaillé ; voir sur FIA-RADAR ) est de ceux dont les flares ne sont pas ou peu prédictibles mais lui a heureusement fait l'objet de relevés d'observation de flares de magnitude très forte (plus brillant ou """"semblable à Venus"""" comme note le présent Témoin) : - flash de magnitude -0,5, observé le 02 mai 2012 en Ukraine (voir le détail de USA-234 (FIA RADAR2) bright flare seen"
1981-11-00900,1144,"[Forme] 3D - 2 axes de symétrie - Sphérique, Boule ; 3D - 1 axe de symétrie - Cylindrique ; 3D - 2 axes de symétrie - Ovoïde | [Forme 2]  Termes descriptifs (lumières, forme, etc.) | [Couleur] Orangé, feu | [Couleur 2] nan | [Luminosité] nan | [Taille] Autres (comparaison, repères, etc.) | [Détails visuels] Le 22 novembre 1981 entre 07h55 et 08h quatre groupes indépendants de personnes observent dans le ciel peu couvert un phénomène lumineux sphérique rouge orangé bas sur l'horizon Les éléments appuyant cette hypothèse sont les suivants : - la couleur du phénomène, rouge-orange ; - la forme, en boule ; - la présence « d'étincelles » et d'une traînée semblable à celle d'une étoile filante ; - la durée d'observation, courte ; - le déplacement, probablement lent et régulier ; - la disparition, par descente (et tombée au sol pour un témoin) Il s'agit ici d'une rentrée tangentielle à l'atmosphère et observée de face (c'est-à-dire le long de la rentrée) qui peut ainsi se traduire par un point lumineux bas à l'horizon et évoluant peu angulairement, et même immobile lorsque la trajectoire se trouve bien alignée sur l'axe d'observation"
2017-12-50092,1141,"[Forme] 2D - Rond | [Forme 2]  Objet | [Couleur] Blanc | [Couleur 2] nan | [Luminosité] nan | [Taille] Chiffrée | [Détails visuels] Son attention est alors attirée par le passage silencieux dans le ciel dégagé d'un objet lumineux comme """"éclairé de l'intérieur"""" : il est de forme ronde et de couleur blanc mat Analyse du témoignage : - apparence du PAN : objet rond lumineux, blanc mat comme « une balle de ping-pong » et semble éclairé « par l'intérieur » ; - bruit : silencieux ; - apparition : au-dessus de la caténaire, à environ 30° (voir plan sur note d'enquête) ; - taille : nettement plus petit que la Lune, 23 millimètres sur une règle portée à bout de bras, le témoin précise qu'il l'a vu au plus gros lors de l'apparition au-dessus de la caténaire puis l'objet a rapetissé au fur et à mesure qu'il s'éloignait ; - luminosité : sa luminosité n'a pas décru instantanément comme affirmé dans le témoignage, mais a diminué avec l'éloignement Infos complémentaires : le chien du témoin n'a pas eu de réaction, le témoin révèle être daltonien, mais le phénomène était blanc donc il n'y pas de risque de confusion avec une autre couleur"
1993-10-01332,1140,"[Forme] nan | [Forme 2]  Termes descriptifs (lumières, forme, etc.) | [Couleur] Multicolore | [Couleur 2] nan | [Luminosité] nan | [Taille] Autres (comparaison, repères, etc.) | [Détails visuels] Le phénomène lumineux dans la clairière disparaît En effet, le lieu d'observation (proximité du jardin potager) se situe sur le flanc Sud d'un dôme (Puy de Sarran), les lueurs sont perçues au niveau de """"la clairière la plus au nord"""" qui se trouve prés du sommet du Puy de Sarran, les surfaces boisées sont pour l'essentiel sur les flancs de ce dôme (la dénivelée descendante est de 10 par 70 m) si bien que des éclairs issus de l'horizon Nord ou Nord Ouest du dôme (pas d'arbres sur le coté Est du dôme) peuvent être perçus au travers des arbres sans traverser beaucoup d'épaisseur d'arbre (forme en dôme de la couverture boisée) pour apparaître à la surface de la clairière (cette dernière est vue d'un témoin et donc sans obstruction d'arbres) Le fait que les lumières soient vues à 4 m de hauteur du sol au niveau de la clairière réduit encore plus l'épaisseur d'arbres traversée en amont de la clairière par le trajet lumineux des éclairs"
2016-08-50284,1134,"[Forme] 3D - 1 axe de symétrie - Cigare, ogive, fusée | [Forme 2]  Termes descriptifs (lumières, forme, etc.) | [Couleur] Jaune, Ambre ; Orangé, feu ; Rouge | [Couleur 2] nan | [Luminosité] nan | [Taille] ""6 < x < 16° ou """"Imposante/Importante"""""" | [Détails visuels] A 22h30, ils observent à l'œil nu le passage très rapide d'un phénomène composé de 5 lumières de couleur jaune orangé tirant sur le rougeâtre La description fournie par le témoin peut évoquer plusieurs hypothèses explicatives : • des lanternes thaïlandaises : la forme des PAN et le fait qu'ils ne se déplacent pas dans le sens du vent permettent d'éliminer la première hypothèse ; • un groupe d'oiseaux éclairé par des lampadaires pourrait éventuellement expliquer l'observation, mais la très grande rapidité des PAN et le fait qu'ils se suivent en ligne présentent des incohérences avec cette hypothèse explicative ; • celle d'un météore fragmenté, trop faible pour être détecté par le réseau FRIPON, peut en revanche expliquer tous les éléments de l'observation : forme du PAN, déplacement très rapide en ligne, couleur et le fait que les étoiles étaient occultées"
2012-10-08349,1133,"[Forme] 1D - Ponctuel (point);3D - 2 axes de symétrie - Sphérique, Boule | [Forme 2]  Termes descriptifs (lumières, forme, etc.); Termes descriptifs (lumières, forme, etc.) | [Couleur] Rouge;Rouge | [Couleur 2] Ligne brisée - Angles aigus <= 90 degrés ; Ligne brisée, Zig Zag | [Luminosité] Linéaire ou Rectiligne ; Accélération - Accélération fulgurante | [Taille] ""0.3 < x < 0.8° (~lune, ~balle) ou """"Moyenne"""""" | [Détails visuels] Le 13 octobre 2012 aux environs de 2h05 du matin, un témoin observe dans un laps de temps très court (8 à 10 secondes), vers l'ouest, « une bonne dizaine » d'objets ayant l'apparence d'étoiles filantes de couleurs bleue pâle, très peu lumineuses et suivant une trajectoire courte en se croisant « dans toutes les directions » et en s'éteignant rapidement Immédiatement après le témoin fait une deuxieme observation, au zénith et pendant 15 à 20 secondes il observe un point lumineux rouge qui se déplace comme un satellite vers l'Ouest Mais cet objet stoppe net pendant 3 ou 4 secondes pendant que sa luminosité croît rapidement, lui donnant un aspect sphérique entouré d'un halo lumineux rouge flou"
1983-03-00968,1132,"[Forme] 3D - 2 axes de symétrie - Sphérique, Boule | [Forme 2]  Phénomène | [Couleur] Non précisé | [Couleur 2] Chg direction, niveau de vol | [Luminosité] nan | [Taille] Chiffrée | [Détails visuels] Le 14 mars 1983 entre 20h et 22h plusieurs témoins dans un même hameau sur la commune de Plouarzel (29) observent un phénomène lumineux jaunâtre qui semble stationnaire au-dessus de la pointe d'un monument mégalithique - T3 """"Dans un premier temps j'ai donc vu ce point lumineux qui m'est apparu 3 à 4 fois plus gros qu'une étoile et il émettait une lumière brillante et jaunâtre Lors d'une deuxième expérience en véhicule de T2 et T1, T3 et T4 finissent par voir bouger le PAN, mais tout indique qu'ils ont eux-mêmes bougé dans la cour, parce qu'ils cherchaient à suivre des yeux la trajectoire de la voiture et la réaction du PAN (supposée suivre la voiture, pour T4 """"À ce moment, alors que mes parents avaient parcouru une centaine de mètres, j'ai bien vu le point lumineux descendre dans le ciel"""") et surtout T3 indique """" À un moment j'ai été masqué par un hangar et je me suis déplacé pour suivre la trajectoire de l'engin"""""
1983-03-00968,1132,"[Forme] 3D - 2 axes de symétrie - Sphérique, Boule | [Forme 2]  Engin | [Couleur] Non précisé | [Couleur 2] Descendante | [Luminosité] nan | [Taille] ""x < 0.04° ou """"Ponctuelle"""""" | [Détails visuels] Le 14 mars 1983 entre 20h et 22h plusieurs témoins dans un même hameau sur la commune de Plouarzel (29) observent un phénomène lumineux jaunâtre qui semble stationnaire au-dessus de la pointe d'un monument mégalithique - T3 """"Dans un premier temps j'ai donc vu ce point lumineux qui m'est apparu 3 à 4 fois plus gros qu'une étoile et il émettait une lumière brillante et jaunâtre Lors d'une deuxième expérience en véhicule de T2 et T1, T3 et T4 finissent par voir bouger le PAN, mais tout indique qu'ils ont eux-mêmes bougé dans la cour, parce qu'ils cherchaient à suivre des yeux la trajectoire de la voiture et la réaction du PAN (supposée suivre la voiture, pour T4 """"À ce moment, alors que mes parents avaient parcouru une centaine de mètres, j'ai bien vu le point lumineux descendre dans le ciel"""") et surtout T3 indique """" À un moment j'ai été masqué par un hangar et je me suis déplacé pour suivre la trajectoire de l'engin"""""
2019-07-50787,1131,"[Forme] 1D - Multiples traits ou points | [Forme 2]  Termes descriptifs (lumières, forme, etc.); Termes descriptifs (lumières, forme, etc.) | [Couleur] Blanc | [Couleur 2] nan | [Luminosité] nan | [Taille] Chiffrée | [Détails visuels] Au centre, il observe un genre de cockpit d'ULM plus gros et noir relié aux deux flashs par un câble élastique L'étrangeté perçue provient : • d'une succession de flashes lumineux perçue dans le ciel ; • d'un bruit sourd sur l'ensemble de la ville ; • d'un déplacement des flashes avec l'impression de lien (câble) entre les flashes ; • de l'impression d'une masse sombre vue comme un cockpit d'un engin ; • de la réalisation du film bref des deux lumières qui partaient en direction de Lautrec (81) au-dessus de la rocade ; • du souvenir de faits similaires qui se seraient déroulés l'année précédente approximativement à la même date mais sans que le témoin n'ait fait, à l'époque, de déclaration au GEIPAN En effet, le témoin indique avoir observé les mêmes phénomènes en 2018 (mais que des lumières, sans voir les câbles et le cockpit), vers le stade Pierre Fabre et la place de la République"
1983-03-00968,1127,"[Forme] Autre forme non catégorisée | [Forme 2]  Engin | [Couleur] Jaune, Ambre | [Couleur 2] Stationnaire, Immobile | [Luminosité] Linéaire ou Rectiligne | [Taille] Chiffrée | [Détails visuels] Le 14 mars 1983 entre 20h et 22h plusieurs témoins dans un même hameau sur la commune de Plouarzel (29) observent un phénomène lumineux jaunâtre qui semble stationnaire au-dessus de la pointe d'un monument mégalithique - T3 """"Dans un premier temps j'ai donc vu ce point lumineux qui m'est apparu 3 à 4 fois plus gros qu'une étoile et il émettait une lumière brillante et jaunâtre Lors d'une deuxième expérience en véhicule de T2 et T1, T3 et T4 finissent par voir bouger le PAN, mais tout indique qu'ils ont eux-mêmes bougé dans la cour, parce qu'ils cherchaient à suivre des yeux la trajectoire de la voiture et la réaction du PAN (supposée suivre la voiture, pour T4 """"À ce moment, alors que mes parents avaient parcouru une centaine de mètres, j'ai bien vu le point lumineux descendre dans le ciel"""") et surtout T3 indique """" À un moment j'ai été masqué par un hangar et je me suis déplacé pour suivre la trajectoire de l'engin"""""
